author,title,publication_date,summary,category,hashtags
Unknown,Unknown Document,2025-08-16,"[Content extracted from Unknown Document]

Document contains legal information relevant to the case.",general,#general
Unknown,Unknown Document,2025-08-16,"[Content extracted from Unknown Document]

Document contains legal information relevant to the case.",general,#general
Unknown,Unknown Document,2025-08-16,"[Content extracted from Unknown Document]

Document contains legal information relevant to the case.",general,#general
Unknown,Unknown Document,2025-08-16,"[Content extracted from Unknown Document]

Document contains legal information relevant to the case.",general,#general
Unknown,Unknown Document,2025-08-16,"[Content extracted from Unknown Document]

Document contains legal information relevant to the case.",general,#general
Unknown,Unknown Document,2025-08-16,"[Content extracted from Unknown Document]

Document contains legal information relevant to the case.",general,#general
Unknown,Unknown Document,2025-08-16,"[Content extracted from Unknown Document]

Document contains legal information relevant to the case.",general,#general
Unknown,Unknown Document,2025-08-16,"[Content extracted from Unknown Document]

Document contains legal information relevant to the case.",general,#general
Unknown,Unknown Document,2025-08-16,"[Content extracted from Unknown Document]

Document contains legal information relevant to the case.",general,#general
Unknown,Unknown Document,2025-08-16,"[Content extracted from Unknown Document]

Document contains legal information relevant to the case.",general,#general
Unknown,Unknown Document,2025-08-16,"[Content extracted from Unknown Document]

Document contains legal information relevant to the case.",general,#general
Unknown,Unknown Document,2025-08-16,"[Content extracted from Unknown Document]

Document contains legal information relevant to the case.",general,#general
Unknown,Unknown Document,2025-08-16,"[Content extracted from Unknown Document]

Document contains legal information relevant to the case.",general,#general
Unknown,Unknown Document,2025-08-16,"[Content extracted from Unknown Document]

Document contains legal information relevant to the case.",general,#general
Unknown,Unknown Document,2025-08-16,"[Content extracted from Unknown Document]

Document contains legal information relevant to the case.",general,#general
Unknown,Unknown Document,2025-08-16,"[Content extracted from Unknown Document]

Document contains legal information relevant to the case.",general,#general
Unknown,Unknown Document,2025-08-16,"[Content extracted from Unknown Document]

Document contains legal information relevant to the case.",general,#general
Unknown,Unknown Document,2025-08-16,"[Content extracted from Unknown Document]

Document contains legal information relevant to the case.",general,#general
Unknown,Unknown Document,2025-08-16,"[Content extracted from Unknown Document]

Document contains legal information relevant to the case.",general,#general
Unknown,Unknown Document,2025-08-16,"[Content extracted from Unknown Document]

Document contains legal information relevant to the case.",general,#general
Unknown,Unknown Document,2025-08-16,"[Content extracted from Unknown Document]

Document contains legal information relevant to the case.",general,#general
Unknown,Unknown Document,2025-08-16,"[Content extracted from Unknown Document]

Document contains legal information relevant to the case.",general,#general
Unknown,Unknown Document,2025-08-16,"[Content extracted from Unknown Document]

Document contains legal information relevant to the case.",general,#general
Unknown,Unknown Document,2025-08-16,"[Content extracted from Unknown Document]

Document contains legal information relevant to the case.",general,#general
Unknown,Unknown Document,2025-08-16,"[Content extracted from Unknown Document]

Document contains legal information relevant to the case.",general,#general
Unknown,Unknown Document,2025-08-16,"[Content extracted from Unknown Document]

Document contains legal information relevant to the case.",general,#general
Unknown,Unknown Document,2025-08-16,"[Content extracted from Unknown Document]

Document contains legal information relevant to the case.",general,#general
Unknown,Unknown Document,2025-08-16,"[Content extracted from Unknown Document]

Document contains legal information relevant to the case.",general,#general
Unknown,Unknown Document,2025-08-16,"[Content extracted from Unknown Document]

Document contains legal information relevant to the case.",general,#general
Unknown,Unknown Document,2025-08-16,"[Content extracted from Unknown Document]

Document contains legal information relevant to the case.",general,#general
Unknown,Unknown Document,2025-08-16,"[Content extracted from Unknown Document]

Document contains legal information relevant to the case.",general,#general
Unknown,Unknown Document,2025-08-16,"[Content extracted from Unknown Document]

Document contains legal information relevant to the case.",general,#general
Unknown,Unknown Document,2025-08-16,"[Content extracted from Unknown Document]

Document contains legal information relevant to the case.",general,#general
Unknown,Unknown Document,2025-08-16,"[Content extracted from Unknown Document]

Document contains legal information relevant to the case.",general,#general
Unknown,Unknown Document,2025-08-16,"[Content extracted from Unknown Document]

Document contains legal information relevant to the case.",general,#general
Unknown,Unknown Document,2025-08-16,"[Content extracted from Unknown Document]

Document contains legal information relevant to the case.",general,#general
Unknown,Unknown Document,2025-08-16,"[Content extracted from Unknown Document]

Document contains legal information relevant to the case.",general,#general
Unknown,Unknown Document,2025-08-16,"[Content extracted from Unknown Document]

Document contains legal information relevant to the case.",general,#general
Unknown,Unknown Document,2025-08-16,"[Content extracted from Unknown Document]

Document contains legal information relevant to the case.",general,#general
Unknown,Unknown Document,2025-08-16,"[Content extracted from Unknown Document]

Document contains legal information relevant to the case.",general,#general
Unknown,Unknown Document,2025-08-16,"[Content extracted from Unknown Document]

Document contains legal information relevant to the case.",general,#general
Unknown,Unknown Document,2025-08-16,"[Content extracted from Unknown Document]

Document contains legal information relevant to the case.",general,#general
Unknown,Unknown Document,2025-08-16,"[Content extracted from Unknown Document]

Document contains legal information relevant to the case.",general,#general
Unknown,Unknown Document,2025-08-16,"[Content extracted from Unknown Document]

Document contains legal information relevant to the case.",general,#general
Unknown,Unknown Document,2025-08-16,"[Content extracted from Unknown Document]

Document contains legal information relevant to the case.",general,#general
Unknown,Unknown Document,2025-08-16,"[Content extracted from Unknown Document]

Document contains legal information relevant to the case.",general,#general
Unknown,Unknown Document,2025-08-16,"[Content extracted from Unknown Document]

Document contains legal information relevant to the case.",general,#general
Unknown,Unknown Document,2025-08-16,"[Content extracted from Unknown Document]

Document contains legal information relevant to the case.",general,#general
Unknown,Unknown Document,2025-08-17,"[Content extracted from Unknown Document]

Document contains legal information relevant to the case.",general,#general
Unknown,Unknown Document,2025-08-17,"[Content extracted from Unknown Document]

Document contains legal information relevant to the case.",general,#general
Unknown,Unknown Document,2025-08-17,"[Content extracted from Unknown Document]

Document contains legal information relevant to the case.",general,#general
Unknown,Unknown Document,2025-08-17,"[Content extracted from Unknown Document]

Document contains legal information relevant to the case.",general,#general
Unknown,Unknown Document,2025-08-17,"[Content extracted from Unknown Document]

Document contains legal information relevant to the case.",general,#general
Unknown,Unknown Document,2025-08-17,"[Content extracted from Unknown Document]

Document contains legal information relevant to the case.",general,#general
Unknown,Unknown Document,2025-08-17,"[Content extracted from Unknown Document]

Document contains legal information relevant to the case.",general,#general
Unknown,Unknown Document,2025-08-17,"[Content extracted from Unknown Document]

Document contains legal information relevant to the case.",general,#general
Unknown,Unknown Document,2025-08-17,"[Content extracted from Unknown Document]

Document contains legal information relevant to the case.",general,#general
Unknown,Unknown Document,2025-08-17,"[Content extracted from Unknown Document]

Document contains legal information relevant to the case.",general,#general
Unknown,Unknown Document,2025-08-17,"[Content extracted from Unknown Document]

Document contains legal information relevant to the case.",general,#general
Unknown,Unknown Document,2025-08-17,"[Content extracted from Unknown Document]

Document contains legal information relevant to the case.",general,#general
Unknown,Unknown Document,2025-08-17,"[Content extracted from Unknown Document]

Document contains legal information relevant to the case.",general,#general
Unknown,Unknown Document,2025-08-17,"[Content extracted from Unknown Document]

Document contains legal information relevant to the case.",general,#general
Unknown,Unknown Document,2025-08-17,"[Content extracted from Unknown Document]

Document contains legal information relevant to the case.",general,#general
Unknown,Unknown Document,2025-08-17,"[Content extracted from Unknown Document]

Document contains legal information relevant to the case.",general,#general
Unknown,Unknown Document,2025-08-17,"[Content extracted from Unknown Document]

Document contains legal information relevant to the case.",general,#general
Unknown,Unknown Document,2025-08-17,"[Content extracted from Unknown Document]

Document contains legal information relevant to the case.",general,#general
Unknown,Unknown Document,2025-08-17,"[Content extracted from Unknown Document]

Document contains legal information relevant to the case.",general,#general
Unknown,Unknown Document,2025-08-17,"[Content extracted from Unknown Document]

Document contains legal information relevant to the case.",general,#general
Unknown,Unknown Document,2025-08-17,"[Content extracted from Unknown Document]

Document contains legal information relevant to the case.",general,#general
Unknown,Unknown Document,2025-08-17,"[Content extracted from Unknown Document]

Document contains legal information relevant to the case.",general,#general
Unknown,Unknown Document,2025-08-17,"[Content extracted from Unknown Document]

Document contains legal information relevant to the case.",general,#general
Unknown,Unknown Document,2025-08-17,"[Content extracted from Unknown Document]

Document contains legal information relevant to the case.",general,#general
Unknown,Unknown Document,2025-08-17,"[Content extracted from Unknown Document]

Document contains legal information relevant to the case.",general,#general
Unknown,Unknown Document,2025-08-17,"[Content extracted from Unknown Document]

Document contains legal information relevant to the case.",general,#general
Unknown,Unknown Document,2025-08-17,"[Content extracted from Unknown Document]

Document contains legal information relevant to the case.",general,#general
Unknown,Unknown Document,2025-08-17,"[Content extracted from Unknown Document]

Document contains legal information relevant to the case.",general,#general
Unknown,Unknown Document,2025-08-17,"[Content extracted from Unknown Document]

Document contains legal information relevant to the case.",general,#general
Unknown,Unknown Document,2025-08-17,"[Content extracted from Unknown Document]

Document contains legal information relevant to the case.",general,#general
Unknown,Unknown Document,2025-08-17,"[Content extracted from Unknown Document]

Document contains legal information relevant to the case.",general,#general
Unknown,Unknown Document,2025-08-17,"[Content extracted from Unknown Document]

Document contains legal information relevant to the case.",general,#general
Unknown,Unknown Document,2025-08-17,"[Content extracted from Unknown Document]

Document contains legal information relevant to the case.",general,#general
Unknown,Unknown Document,2025-08-17,"[Content extracted from Unknown Document]

Document contains legal information relevant to the case.",general,#general
Unknown,Unknown Document,2025-08-17,"[Content extracted from Unknown Document]

Document contains legal information relevant to the case.",general,#general
Unknown,Unknown Document,2025-08-17,"[Content extracted from Unknown Document]

Document contains legal information relevant to the case.",general,#general
Unknown,Unknown Document,2025-08-17,"[Content extracted from Unknown Document]

Document contains legal information relevant to the case.",general,#general
Unknown,Unknown Document,2025-08-17,"[Content extracted from Unknown Document]

Document contains legal information relevant to the case.",general,#general
Unknown,Unknown Document,2025-08-17,"[Content extracted from Unknown Document]

Document contains legal information relevant to the case.",general,#general
Unknown,Unknown Document,2025-08-17,"[Content extracted from Unknown Document]

Document contains legal information relevant to the case.",general,#general
Unknown,Unknown Document,2025-08-17,"[Content extracted from Unknown Document]

Document contains legal information relevant to the case.",general,#general
Unknown,Unknown Document,2025-08-17,"[Content extracted from Unknown Document]

Document contains legal information relevant to the case.",general,#general
Unknown,Unknown Document,2025-08-17,"[Content extracted from Unknown Document]

Document contains legal information relevant to the case.",general,#general
Unknown,Unknown Document,2025-08-17,"[Content extracted from Unknown Document]

Document contains legal information relevant to the case.",general,#general
Unknown,Unknown Document,2025-08-17,"[Content extracted from Unknown Document]

Document contains legal information relevant to the case.",general,#general
Unknown,Unknown Document,2025-08-17,"[Content extracted from Unknown Document]

Document contains legal information relevant to the case.",general,#general
Unknown,Unknown Document,2025-08-17,"[Content extracted from Unknown Document]

Document contains legal information relevant to the case.",general,#general
Unknown,Unknown Document,2025-08-17,"[Content extracted from Unknown Document]

Document contains legal information relevant to the case.",general,#general
Unknown,Unknown Document,2025-08-17,"[Content extracted from Unknown Document]

Document contains legal information relevant to the case.",general,#general
Unknown,Unknown Document,2025-08-17,"[Content extracted from Unknown Document]

Document contains legal information relevant to the case.",general,#general
Unknown,Unknown Document,2025-08-17,"[Content extracted from Unknown Document]

Document contains legal information relevant to the case.",general,#general
Unknown,Unknown Document,2025-08-17,"[Content extracted from Unknown Document]

Document contains legal information relevant to the case.",general,#general
Unknown,Unknown Document,2025-08-17,"[Content extracted from Unknown Document]

Document contains legal information relevant to the case.",general,#general
Unknown,Unknown Document,2025-08-17,"[Content extracted from Unknown Document]

Document contains legal information relevant to the case.",general,#general
Unknown,Unknown Document,2025-08-17,"[Content extracted from Unknown Document]

Document contains legal information relevant to the case.",general,#general
Unknown,Unknown Document,2025-08-17,"[Content extracted from Unknown Document]

Document contains legal information relevant to the case.",general,#general
Unknown,Unknown Document,2025-08-17,"[Content extracted from Unknown Document]

Document contains legal information relevant to the case.",general,#general
Unknown,Unknown Document,2025-08-17,"[Content extracted from Unknown Document]

Document contains legal information relevant to the case.",general,#general
Unknown,Unknown Document,2025-08-17,"[Content extracted from Unknown Document]

Document contains legal information relevant to the case.",general,#general
Unknown,Unknown Document,2025-08-17,"[Content extracted from Unknown Document]

Document contains legal information relevant to the case.",general,#general
Unknown,Unknown Document,2025-08-17,"[Content extracted from Unknown Document]

Document contains legal information relevant to the case.",general,#general
Unknown,Unknown Document,2025-08-17,"[Content extracted from Unknown Document]

Document contains legal information relevant to the case.",general,#general
Unknown,Unknown Document,2025-08-17,"[Content extracted from Unknown Document]

Document contains legal information relevant to the case.",general,#general
Unknown,Unknown Document,2025-08-17,"[Content extracted from Unknown Document]

Document contains legal information relevant to the case.",general,#general
Unknown,Unknown Document,2025-08-17,"[Content extracted from Unknown Document]

Document contains legal information relevant to the case.",general,#general
Unknown,Unknown Document,2025-08-17,"[Content extracted from Unknown Document]

Document contains legal information relevant to the case.",general,#general
Unknown,Unknown Document,2025-08-17,"[Content extracted from Unknown Document]

Document contains legal information relevant to the case.",general,#general
Unknown,Unknown Document,2025-08-17,"[Content extracted from Unknown Document]

Document contains legal information relevant to the case.",general,#general
Unknown,Unknown Document,2025-08-17,"[Content extracted from Unknown Document]

Document contains legal information relevant to the case.",general,#general
Unknown,Unknown Document,2025-08-17,"[Content extracted from Unknown Document]

Document contains legal information relevant to the case.",general,#general
Unknown,Unknown Document,2025-08-17,"[Content extracted from Unknown Document]

Document contains legal information relevant to the case.",general,#general
Unknown,Unknown Document,2025-08-17,"[Content extracted from Unknown Document]

Document contains legal information relevant to the case.",general,#general
Unknown,Unknown Document,2025-08-17,"[Content extracted from Unknown Document]

Document contains legal information relevant to the case.",general,#general
Unknown,Unknown Document,2025-08-17,"[Content extracted from Unknown Document]

Document contains legal information relevant to the case.",general,#general
Unknown,Unknown Document,2025-08-17,"[Content extracted from Unknown Document]

Document contains legal information relevant to the case.",general,#general
Unknown,Unknown Document,2025-08-17,"[Content extracted from Unknown Document]

Document contains legal information relevant to the case.",general,#general
Unknown,Unknown Document,2025-08-17,"[Content extracted from Unknown Document]

Document contains legal information relevant to the case.",general,#general
Unknown,Unknown Document,2025-08-17,"[Content extracted from Unknown Document]

Document contains legal information relevant to the case.",general,#general
Unknown,Unknown Document,2025-08-17,"[Content extracted from Unknown Document]

Document contains legal information relevant to the case.",general,#general
Unknown,Unknown Document,2025-08-17,"[Content extracted from Unknown Document]

Document contains legal information relevant to the case.",general,#general
Unknown,Unknown Document,2025-08-17,"[Content extracted from Unknown Document]

Document contains legal information relevant to the case.",general,#general
Unknown,Unknown Document,2025-08-17,"[Content extracted from Unknown Document]

Document contains legal information relevant to the case.",general,#general
Unknown,Unknown Document,2025-08-17,"[Content extracted from Unknown Document]

Document contains legal information relevant to the case.",general,#general
Unknown,Unknown Document,2025-08-17,"[Content extracted from Unknown Document]

Document contains legal information relevant to the case.",general,#general
Unknown,Unknown Document,2025-08-17,"[Content extracted from Unknown Document]

Document contains legal information relevant to the case.",general,#general
Unknown,Unknown Document,2025-08-17,"[Content extracted from Unknown Document]

Document contains legal information relevant to the case.",general,#general
Unknown,Unknown Document,2025-08-17,"[Content extracted from Unknown Document]

Document contains legal information relevant to the case.",general,#general
Unknown,Unknown Document,2025-08-17,"[Content extracted from Unknown Document]

Document contains legal information relevant to the case.",general,#general
Unknown,Unknown Document,2025-08-17,"[Content extracted from Unknown Document]

Document contains legal information relevant to the case.",general,#general
Unknown,Unknown Document,2025-08-17,"[Content extracted from Unknown Document]

Document contains legal information relevant to the case.",general,#general
Unknown,Unknown Document,2025-08-17,"[Content extracted from Unknown Document]

Document contains legal information relevant to the case.",general,#general
Unknown,Unknown Document,2025-08-17,"[Content extracted from Unknown Document]

Document contains legal information relevant to the case.",general,#general
Unknown,Unknown Document,2025-08-17,"[Content extracted from Unknown Document]

Document contains legal information relevant to the case.",general,#general
Unknown,Unknown Document,2025-08-17,"[Content extracted from Unknown Document]

Document contains legal information relevant to the case.",general,#general
Unknown,Unknown Document,2025-08-17,"[Content extracted from Unknown Document]

Document contains legal information relevant to the case.",general,#general
Unknown,Unknown Document,2025-08-17,"[Content extracted from Unknown Document]

Document contains legal information relevant to the case.",general,#general
Unknown,Unknown Document,2025-08-17,"[Content extracted from Unknown Document]

Document contains legal information relevant to the case.",general,#general
Unknown,Unknown Document,2025-08-17,"[Content extracted from Unknown Document]

Document contains legal information relevant to the case.",general,#general
Unknown,Unknown Document,2025-08-17,"[Content extracted from Unknown Document]

Document contains legal information relevant to the case.",general,#general
Unknown,Unknown Document,2025-08-17,"[Content extracted from Unknown Document]

Document contains legal information relevant to the case.",general,#general
Unknown,Unknown Document,2025-08-17,"[Content extracted from Unknown Document]

Document contains legal information relevant to the case.",general,#general
Unknown,Unknown Document,2025-08-17,"[Content extracted from Unknown Document]

Document contains legal information relevant to the case.",general,#general
Unknown,Unknown Document,2025-08-17,"[Content extracted from Unknown Document]

Document contains legal information relevant to the case.",general,#general
Unknown,Unknown Document,2025-08-17,"[Content extracted from Unknown Document]

Document contains legal information relevant to the case.",general,#general
Unknown,Unknown Document,2025-08-17,"[Content extracted from Unknown Document]

Document contains legal information relevant to the case.",general,#general
Unknown,Unknown Document,2025-08-17,"[Content extracted from Unknown Document]

Document contains legal information relevant to the case.",general,#general
Unknown,Unknown Document,2025-08-17,"[Content extracted from Unknown Document]

Document contains legal information relevant to the case.",general,#general
Unknown,Unknown Document,2025-08-17,"[Content extracted from Unknown Document]

Document contains legal information relevant to the case.",general,#general
